{
    "loss": 0.731194257736206,
    "accuracy": 0.3309352397918701
}