{
    "loss": 0.6966070532798767,
    "accuracy": 0.5467625856399536
}