{
    "loss": 0.7539358139038086,
    "accuracy": 0.4460431635379791
}